id,name,lon,lat,capacity_mw,hub_height_m,turbines,price_area,municipality,county
9333,Fakken,20.10762929975084,70.10230226366498,54.0,80.0,18,NO4,Karlsøy,Troms
9464,Hitra,8.800895534960043,63.51971428863519,55.2,70.0,24,NO3,Hitra,Trøndelag
9574,Kjøllefjord,27.268162736189524,70.92197527783172,39.1,70.0,17,NO4,Lebesby,Finnmark
9588,Midtfjellet,5.37978343235527,59.92929639518118,149.6,82.2,55,NO2,Fitjar,Vestland
9591,Smøla,7.922752674763091,63.4074015081648,145.8,70.0,66,NO3,Smøla,Møre og Romsdal
9613,Høg-Jæren,5.754024744426908,58.64644471159537,73.6,80.0,32,NO2,"Hå, Time",Rogaland
9726,Bjerkreim,5.942891374825707,58.586624285114056,155.4,125.0,37,NO2,Bjerkreim,Rogaland
9737,Hitra 2,8.768180905637783,63.501161831291974,93.6,87.0,26,NO3,Hitra,Trøndelag
9776,Harbaksfjellet,10.09265507777162,64.07258500466067,126.0,87.0,30,NO3,Åfjord,Trøndelag
9787,Lista,6.681836050669707,58.15566449935221,71.3,80.0,31,NO2,Farsund,Agder
9788,Nygårdsfjellet,17.878430319174907,68.50390844215516,32.2,82.8,14,NO4,Narvik,Nordland
9790,Utsira,4.904825382909285,59.31569655019061,1.2,46.0,2,NO2,Utsira,Rogaland
9792,Havøygavlen,24.589283320987846,71.01190245098945,40.8,89.9,10,NO4,Måsøy,Finnmark
9794,Hundhammerfjellet,11.37455792385135,64.7574727245658,55.0,86.3,14,NO3,Nærøysund,Trøndelag
9811,Lutelandet,4.9615456852394315,61.25097977611598,51.3,105.0,9,NO3,Fjaler,Vestland
9864,Zephyros,5.029746884333854,59.14012307594302,2.3,70.0,1,NO2,Karmøy,Rogaland
9890,Valsneset,9.629985106268759,63.819816531053995,11.5,64.0,5,NO3,Ørland,Trøndelag
9892,Åsen II,5.753568460380744,58.73701165873895,1.6,65.0,2,NO2,Time,Rogaland
9893,Ytre Vikna,10.888848877430108,64.90148183064446,39.1,64.0,17,NO3,Nærøysund,Trøndelag
9894,Raggovidda 2,29.041696907408976,70.75502044612949,51.6,80.0,12,NO4,Berlevåg,Finnmark
9897,Frøya,8.656073477051581,63.694113579521726,58.8,112.0,14,NO3,Frøya,Trøndelag
9899,Geitfjellet,9.495063329030103,63.36078322488745,180.6,87.0,43,NO3,"Heim, Orkland",Trøndelag
9909,Raudfjell,18.220728020068115,69.59096724765043,84.0,85.0,20,NO4,Tromsø,Troms
9914,Skinansfjellet og Gravdal,5.860729874714659,58.58695538926201,138.6,125.0,33,NO2,"Bjerkreim, Hå",Rogaland
9970,Hamnefjell,29.71101671316259,70.67210936128085,51.75,84.0,15,NO4,Båtsfjord,Finnmark
9975,Svåheia,6.087737287912028,58.38342974822956,25.2,87.0,7,NO2,Eigersund,Rogaland
9998,Rye Vind,10.118075090619818,63.41816142263258,0.225,31.0,1,NO3,Trondheim,Trøndelag
10015,Stigafjellet,5.959136474620186,58.66548648319405,30.1,115.0,7,NO2,Bjerkreim,Rogaland
10016,Måkaknuten,5.917376685551208,58.66629766299104,94.6,125.0,22,NO2,"Bjerkreim, Gjesdal",Rogaland
10028,Storøy,5.226862891584241,59.41585278130248,6.4,92.0,2,NO2,Karmøy,Rogaland
10070,Gismarvik,5.432990576892313,59.323025153085005,12.6,131.0,3,NO2,Tysvær,Rogaland
10075,Mehuken,5.002992776770068,62.01534370659519,25.3,64.0,11,NO3,Kinn,Vestland
10097,Dønnesfjord,22.468380259593346,70.63703476765932,14.1,69.0,6,NO4,Hasvik,Finnmark
10100,Okla,5.244241130933959,62.15914639963619,21.0,90.0,5,NO3,Stad,Vestland
10101,Marker,11.727660693039144,59.48702662407197,54.0,142.0,15,NO1,Marker,Østfold
10121,Odal,11.483261304843094,60.34308326237625,163.2,144.0,34,NO1,Nord-Odal,Innlandet
10122,Haram,6.1978532554837855,62.66594329604739,33.6,82.0,8,NO3,Haram,Møre og Romsdal
10179,Skurvenuten,5.910519761981582,58.749594566549575,6.9,92.0,2,NO2,Gjesdal,Rogaland
10180,Tindafjellet,5.948111717548607,58.73035744823455,10.35,92.0,3,NO2,Gjesdal,Rogaland
10194,Ånstadblåheia,15.259676336152586,68.72402327877718,50.4,87.0,14,NO4,Sortland – Suortá,Nordland
10213,Kjølberget,12.193949692209554,61.02414680826589,55.9,145.0,13,NO1,Våler (Innlandet),Innlandet
10237,Roan,10.298654149206774,64.13922066215407,255.6,87.0,71,NO3,Åfjord,Trøndelag
10238,Kvenndalsfjellet,10.15664805912794,64.04531073437431,113.4,87.0,27,NO3,Åfjord,Trøndelag
10239,Storheia,10.159199054548786,63.879271336944925,288.0,87.0,80,NO3,"Ørland, Åfjord",Trøndelag
10253,Hennøy,5.148969325600996,61.794626152137376,50.4,82.0,12,NO3,Bremanger,Vestland
10254,Guleslettene,5.07449148859401,61.684310458061105,197.4,90.0,47,NO3,"Kinn, Bremanger",Vestland
10263,Røyrmyra,5.7274246909933115,58.59055878968318,2.4,65.0,3,NO2,Hå,Rogaland
10269,Øyfjellet,13.010702047570271,65.85940219732012,400.0,105.0,72,NO4,Vefsn,Nordland
10277,Vardafjellet,5.897495379425771,58.835071154373914,30.1,91.0,7,NO2,Sandnes,Rogaland
10278,Stokkfjellet,11.201002293561816,63.1335940422748,88.2,112.0,21,NO3,Selbu,Trøndelag
10292,Skomakerfjellet,10.416738123480547,64.21547612376511,13.2,94.0,4,NO3,Åfjord,Trøndelag
10350,Sørmarkfjellet,10.706379667044597,64.39458644388084,130.2,87.0,31,NO3,"Osen, Flatanger",Trøndelag
10361,Egersund,6.08410711857729,58.42618697886057,112.2,93.0,33,NO2,Eigersund,Rogaland
10367,Tonstad,6.792802758407887,58.53154980641418,208.3,129.0,51,NO2,"Flekkefjord, Sirdal",Agder
10369,Buheii,6.877819978918413,58.65673851041252,79.8,105.0,19,NO2,Kvinesdal,Agder
10374,Tysvær,5.584034204330512,59.3114569955661,47.3,85.0,11,NO2,Tysvær,Rogaland
10411,Sørfjord,16.667669977329442,68.03248362070129,98.9,80.0,23,NO4,Hamarøy,Nordland
10413,Bessakerfjellet,10.374617567088155,64.22481104165219,57.5,64.0,25,NO3,Åfjord,Trøndelag
10414,Kvitfjell,18.13360480557285,69.58805778502382,197.4,85.0,47,NO4,Tromsø,Troms
10422,Tellenes,6.435691532209962,58.34358714344067,160.0,95.0,50,NO2,"Sokndal, Lund",Rogaland
10472,Raskiftet,11.802568456826432,61.1995417478755,111.6,117.0,31,NO1,"Trysil, Åmot",Innlandet
